com/cloudera/oryx/als/common/StringLongMapping/toLong(Ljava/lang/String,)J;com/cloudera/oryx/als/common
com.cloudera.oryx.als.common.StringLongMappingTest.testLeadingZero;com/cloudera/oryx/als/common
com.cloudera.oryx.als.common.StringLongMappingTest.testSpecialValue;com/cloudera/oryx/als/common
com/cloudera/oryx/als/common/rescorer/MultiLongPairRescorer/<init>(Ljava/util/List,)V;com/cloudera/oryx/als/common/rescorer
com.cloudera.oryx.als.common.rescorer.MultiRescorerProviderTest.testMultiMostSimilarItemsRescorer;com/cloudera/oryx/als/common/rescorer
com/cloudera/oryx/als/common/rescorer/MultiLongPairRescorer/isFiltered(Ljava/lang/String,Ljava/lang/String,)Z;com/cloudera/oryx/als/common/rescorer
com/cloudera/oryx/als/common/rescorer/MultiRescorerProvider/<init>([Lcom/cloudera/oryx/als/common/rescorer/RescorerProvider,)V;com/cloudera/oryx/als/common/rescorer
com/cloudera/oryx/als/common/rescorer/MultiRescorerProvider/getMostSimilarItemsRescorer(Lcom/cloudera/oryx/als/common/OryxRecommender,[Ljava/lang/String,)Lcom/cloudera/oryx/als/common/rescorer/PairRescorer,;com/cloudera/oryx/als/common/rescorer
com/cloudera/oryx/als/common/factorizer/als/AlternatingLeastSquares/<init>(Lcom/cloudera/oryx/common/collection/LongObjectMap,Lcom/cloudera/oryx/common/collection/LongObjectMap,IDI)V;com/cloudera/oryx/als/common/factorizer/als
com.cloudera.oryx.als.common.factorizer.als.NegativeInputTest.testALS;com/cloudera/oryx/als/common/factorizer/als
com/cloudera/oryx/als/common/factorizer/als/AlternatingLeastSquares/getX()Lcom/cloudera/oryx/common/collection/LongObjectMap,;com/cloudera/oryx/als/common/factorizer/als
com/cloudera/oryx/als/common/factorizer/als/AlternatingLeastSquares/getY()Lcom/cloudera/oryx/common/collection/LongObjectMap,;com/cloudera/oryx/als/common/factorizer/als
com/cloudera/oryx/als/common/factorizer/als/AlternatingLeastSquares/setPreviousY(Lcom/cloudera/oryx/common/collection/LongObjectMap,)V;com/cloudera/oryx/als/common/factorizer/als
com/cloudera/oryx/als/common/factorizer/als/AlternatingLeastSquares/call()Ljava/lang/Void,;com/cloudera/oryx/als/common/factorizer/als
com/cloudera/oryx/als/common/factorizer/als/AlternatingLeastSquares/constructInitialY(Lcom/cloudera/oryx/common/collection/LongObjectMap,)Lcom/cloudera/oryx/common/collection/LongObjectMap,;com/cloudera/oryx/als/common/factorizer/als
com/cloudera/oryx/als/common/factorizer/als/AlternatingLeastSquares/iterateXFromY(Ljava/util/concurrent/ExecutorService,)V;com/cloudera/oryx/als/common/factorizer/als
com/cloudera/oryx/als/common/factorizer/als/AlternatingLeastSquares/iterateYFromX(Ljava/util/concurrent/ExecutorService,)V;com/cloudera/oryx/als/common/factorizer/als
com/cloudera/oryx/als/common/factorizer/als/AlternatingLeastSquares/addWorkers(Lcom/cloudera/oryx/common/collection/LongObjectMap,Lcom/cloudera/oryx/common/collection/LongObjectMap,Lorg/apache/commons/math3/linear/RealMatrix,Lcom/cloudera/oryx/common/collection/LongObjectMap,Ljava/util/concurrent/ExecutorService,Ljava/util/Collection,)V;com/cloudera/oryx/als/common/factorizer/als
com/cloudera/oryx/als/common/factorizer/als/AlternatingLeastSquares$Worker/<init>(ILcom/cloudera/oryx/common/collection/LongObjectMap,Lorg/apache/commons/math3/linear/RealMatrix,Lcom/cloudera/oryx/common/collection/LongObjectMap,Ljava/lang/Iterable,)V;com/cloudera/oryx/als/common/factorizer/als
com/cloudera/oryx/als/common/factorizer/als/AlternatingLeastSquares$Worker/call()Ljava/lang/Void,;com/cloudera/oryx/als/common/factorizer/als
com/cloudera/oryx/als/common/DataUtils/readFeatureVector(Ljava/lang/CharSequence,)[F;com/cloudera/oryx/als/common
com.cloudera.oryx.als.common.DataUtilsTest.testParse;com/cloudera/oryx/als/common
com/cloudera/oryx/als/common/ByValueAscComparator/compare(Lcom/cloudera/oryx/als/common/NumericIDValue,Lcom/cloudera/oryx/als/common/NumericIDValue,)I;com/cloudera/oryx/als/common
com.cloudera.oryx.als.common.TopNTest.testTopOfMany;com/cloudera/oryx/als/common
com/cloudera/oryx/als/common/NumericIDValue/getID()J;com/cloudera/oryx/als/common
com/cloudera/oryx/als/common/NumericIDValue/getValue()F;com/cloudera/oryx/als/common
com/cloudera/oryx/als/common/NumericIDValue/<init>(JF)V;com/cloudera/oryx/als/common
com/cloudera/oryx/als/common/NumericIDValue/set(JF)V;com/cloudera/oryx/als/common
com/cloudera/oryx/als/common/TopN/initialQueue(I)Ljava/util/Queue,;com/cloudera/oryx/als/common
com/cloudera/oryx/als/common/TopN/selectTopNIntoQueue(Ljava/util/Queue,Ljava/util/Iterator,I)V;com/cloudera/oryx/als/common
com/cloudera/oryx/als/common/TopN/selectTopNFromQueue(Ljava/util/Queue,I)Ljava/util/List,;com/cloudera/oryx/als/common
com/cloudera/oryx/als/common/TopN/selectTopN(Ljava/util/Iterator,I)Ljava/util/List,;com/cloudera/oryx/als/common
com/cloudera/oryx/als/common/StringLongMapping/<init>()V;com/cloudera/oryx/als/common
com.cloudera.oryx.als.common.StringLongMappingTest.testMapping;com/cloudera/oryx/als/common
com/cloudera/oryx/als/common/StringLongMapping/add(Ljava/lang/String,)J;com/cloudera/oryx/als/common
com/cloudera/oryx/als/common/StringLongMapping/addMapping(Ljava/lang/String,J)V;com/cloudera/oryx/als/common
com/cloudera/oryx/als/common/StringLongMapping/getReverseMapping()Lcom/cloudera/oryx/common/collection/LongObjectMap,;com/cloudera/oryx/als/common
com.cloudera.oryx.als.common.StringLongMappingTest.testToString;com/cloudera/oryx/als/common
com/cloudera/oryx/als/common/StringLongMapping/toString(J)Ljava/lang/String,;com/cloudera/oryx/als/common
com.cloudera.oryx.als.common.StringLongMappingTest.testSmallValues;com/cloudera/oryx/als/common
com/cloudera/oryx/als/common/ByValueAscComparator/<init>()V;com/cloudera/oryx/als/common
com.cloudera.oryx.als.common.TopNTest.testTopPlusOne;com/cloudera/oryx/als/common
com.cloudera.oryx.als.common.TopNTest.testTopExactly;com/cloudera/oryx/als/common
com.cloudera.oryx.als.common.TopNTest.testTopOfManyIntoQueueMultithreaded;com/cloudera/oryx/als/common
com/cloudera/oryx/als/common/TopN/selectTopNIntoQueueMultithreaded(Ljava/util/Queue,[FLjava/util/Iterator,I)V;com/cloudera/oryx/als/common
com.cloudera.oryx.als.common.DataUtilsTest.testBad;com/cloudera/oryx/als/common
com.cloudera.oryx.als.common.StringLongMappingTest.testToLong;com/cloudera/oryx/als/common
com.cloudera.oryx.als.common.ByValueAscComparatorTest.testCompare;com/cloudera/oryx/als/common
com.cloudera.oryx.als.common.ByValueAscComparatorTest.testSameValue;com/cloudera/oryx/als/common
com/cloudera/oryx/als/common/rescorer/MultiRescorer/<init>(Ljava/util/List,)V;com/cloudera/oryx/als/common/rescorer
com.cloudera.oryx.als.common.rescorer.MultiRescorerProviderTest.testMultiRecommendRescorer;com/cloudera/oryx/als/common/rescorer
com/cloudera/oryx/als/common/rescorer/MultiRescorer/isFiltered(Ljava/lang/String,)Z;com/cloudera/oryx/als/common/rescorer
com/cloudera/oryx/als/common/rescorer/MultiRescorerProvider/getRecommendRescorer([Ljava/lang/String,Lcom/cloudera/oryx/als/common/OryxRecommender,[Ljava/lang/String,)Lcom/cloudera/oryx/als/common/rescorer/Rescorer,;com/cloudera/oryx/als/common/rescorer
com/cloudera/oryx/als/common/rescorer/MultiRescorerProvider/buildRescorer(Ljava/util/List,)Lcom/cloudera/oryx/als/common/rescorer/Rescorer,;com/cloudera/oryx/als/common/rescorer
com.cloudera.oryx.als.common.StringLongMappingTest.testLargeValues;com/cloudera/oryx/als/common
com.cloudera.oryx.als.common.factorizer.als.AlternatingLeastSquaresPredictingRTest.testALSPredictingR;com/cloudera/oryx/als/common/factorizer/als
com.cloudera.oryx.als.common.StringLongMappingTest.testNumeric;com/cloudera/oryx/als/common
com.cloudera.oryx.als.common.factorizer.als.AlternatingLeastSquaresTest.testALS;com/cloudera/oryx/als/common/factorizer/als
com.cloudera.oryx.als.common.rescorer.MultiRescorerProviderTest.testMultiRecommendToAnonymousRescorer;com/cloudera/oryx/als/common/rescorer
com/cloudera/oryx/als/common/rescorer/MultiRescorerProvider/getRecommendToAnonymousRescorer([Ljava/lang/String,Lcom/cloudera/oryx/als/common/OryxRecommender,[Ljava/lang/String,)Lcom/cloudera/oryx/als/common/rescorer/Rescorer,;com/cloudera/oryx/als/common/rescorer
com.cloudera.oryx.als.common.rescorer.MultiRescorerProviderTest.testMultiMostPopularItemsRescorer;com/cloudera/oryx/als/common/rescorer
com/cloudera/oryx/als/common/rescorer/MultiRescorerProvider/getMostPopularItemsRescorer(Lcom/cloudera/oryx/als/common/OryxRecommender,[Ljava/lang/String,)Lcom/cloudera/oryx/als/common/rescorer/Rescorer,;com/cloudera/oryx/als/common/rescorer
com.cloudera.oryx.als.common.TopNTest.testEmpty;com/cloudera/oryx/als/common
com/cloudera/oryx/als/common/pmml/ALSModelDescription/getPathByKey()Ljava/util/Map,;com/cloudera/oryx/als/common/pmml
com.cloudera.oryx.als.common.pmml.ALSModelDescriptionTest.testWriteRead;com/cloudera/oryx/als/common/pmml
com/cloudera/oryx/als/common/pmml/ALSModelDescription/setKnownItemsPath(Ljava/lang/String,)V;com/cloudera/oryx/als/common/pmml
com/cloudera/oryx/als/common/pmml/ALSModelDescription/setXPath(Ljava/lang/String,)V;com/cloudera/oryx/als/common/pmml
com/cloudera/oryx/als/common/pmml/ALSModelDescription/setYPath(Ljava/lang/String,)V;com/cloudera/oryx/als/common/pmml
com/cloudera/oryx/als/common/pmml/ALSModelDescription/setIDMappingPath(Ljava/lang/String,)V;com/cloudera/oryx/als/common/pmml
com/cloudera/oryx/als/common/pmml/ALSModelDescription/equals(Ljava/lang/Object,)Z;com/cloudera/oryx/als/common/pmml
com/cloudera/oryx/als/common/pmml/ALSModelDescription/read(Ljava/io/File,)Lcom/cloudera/oryx/als/common/pmml/ALSModelDescription,;com/cloudera/oryx/als/common/pmml
com/cloudera/oryx/als/common/pmml/ALSModelDescription/read(Ljava/io/InputStream,)Lcom/cloudera/oryx/als/common/pmml/ALSModelDescription,;com/cloudera/oryx/als/common/pmml
com/cloudera/oryx/als/common/pmml/ALSModelDescription/write(Ljava/io/File,Lcom/cloudera/oryx/als/common/pmml/ALSModelDescription,)V;com/cloudera/oryx/als/common/pmml
com/cloudera/oryx/als/common/pmml/ALSModelDescription/write(Ljava/io/OutputStream,Lcom/cloudera/oryx/als/common/pmml/ALSModelDescription,)V;com/cloudera/oryx/als/common/pmml
com/cloudera/oryx/common/servcomp/Namespaces/<init>()V;com/cloudera/oryx/common/servcomp
com.cloudera.oryx.common.servcomp.StoreTest.testSize;com/cloudera/oryx/common/servcomp
com/cloudera/oryx/common/servcomp/Namespaces/get()Lcom/cloudera/oryx/common/servcomp/Namespaces,;com/cloudera/oryx/common/servcomp
com/cloudera/oryx/common/servcomp/Namespaces/getPrefix()Ljava/lang/String,;com/cloudera/oryx/common/servcomp
com/cloudera/oryx/common/servcomp/Namespaces/isLocalData()Z;com/cloudera/oryx/common/servcomp
com/cloudera/oryx/common/servcomp/Namespaces/isLocalComputation()Z;com/cloudera/oryx/common/servcomp
com/cloudera/oryx/common/servcomp/Namespaces/toPath(Ljava/lang/String,)Lorg/apache/hadoop/fs/Path,;com/cloudera/oryx/common/servcomp
com/cloudera/oryx/common/servcomp/OryxConfiguration/get()Lorg/apache/hadoop/conf/Configuration,;com/cloudera/oryx/common/servcomp
com/cloudera/oryx/common/servcomp/OryxConfiguration/configure(Lorg/apache/hadoop/conf/Configuration,)V;com/cloudera/oryx/common/servcomp
com/cloudera/oryx/common/servcomp/Store/<init>()V;com/cloudera/oryx/common/servcomp
com/cloudera/oryx/common/servcomp/Store/get()Lcom/cloudera/oryx/common/servcomp/Store,;com/cloudera/oryx/common/servcomp
com/cloudera/oryx/common/servcomp/Store/getSize(Ljava/lang/String,)J;com/cloudera/oryx/common/servcomp
com.cloudera.oryx.common.servcomp.NamespacesTest.testNegativeGenerationID;com/cloudera/oryx/common/servcomp
com/cloudera/oryx/common/servcomp/Namespaces/getInstanceGenerationPrefix(Ljava/lang/String,I)Ljava/lang/String,;com/cloudera/oryx/common/servcomp
com.cloudera.oryx.common.servcomp.StoreTest.testSizeRecursive;com/cloudera/oryx/common/servcomp
com/cloudera/oryx/common/servcomp/Store/getSizeRecursive(Ljava/lang/String,)J;com/cloudera/oryx/common/servcomp
com.cloudera.oryx.common.servcomp.NamespacesTest.testNamespaces;com/cloudera/oryx/common/servcomp
com/cloudera/oryx/common/servcomp/Namespaces/getInstancePrefix(Ljava/lang/String,)Ljava/lang/String,;com/cloudera/oryx/common/servcomp
com/cloudera/oryx/common/servcomp/Namespaces/getPaddedGenerationID(I)Ljava/lang/String,;com/cloudera/oryx/common/servcomp
com/cloudera/oryx/common/servcomp/Namespaces/getTempPrefix(Ljava/lang/String,I)Ljava/lang/String,;com/cloudera/oryx/common/servcomp
com/cloudera/oryx/common/servcomp/Namespaces/getIterationsPrefix(Ljava/lang/String,I)Ljava/lang/String,;com/cloudera/oryx/common/servcomp
com/cloudera/oryx/common/servcomp/Namespaces/getGenerationDoneKey(Ljava/lang/String,I)Ljava/lang/String,;com/cloudera/oryx/common/servcomp
com/cloudera/oryx/common/settings/APISettings/create(Lcom/typesafe/config/Config,)Lcom/cloudera/oryx/common/settings/APISettings,;com/cloudera/oryx/common/settings
com.cloudera.oryx.common.settings.APISettingsTest.testServingLayerDefaults;com/cloudera/oryx/common/settings
com/cloudera/oryx/common/settings/APISettings/checkPort(I)I;com/cloudera/oryx/common/settings
com/cloudera/oryx/common/settings/APISettings/<init>(Ljava/lang/String,IILcom/typesafe/config/Config,)V;com/cloudera/oryx/common/settings
com/cloudera/oryx/common/settings/ConfigUtils/getDefaultConfig()Lcom/typesafe/config/Config,;com/cloudera/oryx/common/settings
com/cloudera/oryx/common/random/RandomUtils/nextTwinPrime(I)I;com/cloudera/oryx/common/random
com.cloudera.oryx.common.collection.LongFloatMapTest.testPutAndGet;com/cloudera/oryx/common/collection
com/cloudera/oryx/common/collection/LongFloatMap/<init>()V;com/cloudera/oryx/common/collection
com/cloudera/oryx/common/collection/LongFloatMap/<init>(I)V;com/cloudera/oryx/common/collection
com/cloudera/oryx/common/collection/LongFloatMap/find(J)I;com/cloudera/oryx/common/collection
com/cloudera/oryx/common/collection/LongFloatMap/findForAdd(J)I;com/cloudera/oryx/common/collection
com/cloudera/oryx/common/collection/LongFloatMap/get(J)F;com/cloudera/oryx/common/collection
com/cloudera/oryx/common/collection/LongFloatMap/put(JF)V;com/cloudera/oryx/common/collection
com.cloudera.oryx.common.collection.LongSetTest.testGrow;com/cloudera/oryx/common/collection
com/cloudera/oryx/common/collection/LongSet/<init>(I)V;com/cloudera/oryx/common/collection
com/cloudera/oryx/common/collection/LongSet/find(J)I;com/cloudera/oryx/common/collection
com/cloudera/oryx/common/collection/LongSet/findForAdd(J)I;com/cloudera/oryx/common/collection
com/cloudera/oryx/common/collection/LongSet/contains(J)Z;com/cloudera/oryx/common/collection
com/cloudera/oryx/common/collection/LongSet/add(J)Z;com/cloudera/oryx/common/collection
com.cloudera.oryx.common.settings.InboundSettingsTest.testUnknownColumn;com/cloudera/oryx/common/settings
com/cloudera/oryx/common/settings/InboundSettings/create(Lcom/typesafe/config/Config,)Lcom/cloudera/oryx/common/settings/InboundSettings,;com/cloudera/oryx/common/settings
com/cloudera/oryx/common/settings/InboundSettings$LookupFunction/<init>(Ljava/util/List,)V;com/cloudera/oryx/common/settings
com/cloudera/oryx/common/math/Vectors/of([D)Lorg/apache/commons/math3/linear/RealVector,;com/cloudera/oryx/common/math
com.cloudera.oryx.common.math.VectorsTest.testOf;com/cloudera/oryx/common/math
com/cloudera/oryx/common/LangUtils/parseDouble(Ljava/lang/String,)D;com/cloudera/oryx/common
com.cloudera.oryx.common.LangUtilsTest.testDoubleInf;com/cloudera/oryx/common
com.cloudera.oryx.common.collection.LongObjectMapTest.testRemove;com/cloudera/oryx/common/collection
com/cloudera/oryx/common/collection/LongObjectMap/<init>()V;com/cloudera/oryx/common/collection
com/cloudera/oryx/common/collection/LongObjectMap/<init>(I)V;com/cloudera/oryx/common/collection
com/cloudera/oryx/common/collection/LongObjectMap/find(J)I;com/cloudera/oryx/common/collection
com/cloudera/oryx/common/collection/LongObjectMap/findForAdd(J)I;com/cloudera/oryx/common/collection
com/cloudera/oryx/common/collection/LongObjectMap/get(J)Ljava/lang/Object,;com/cloudera/oryx/common/collection
com/cloudera/oryx/common/collection/LongObjectMap/size()I;com/cloudera/oryx/common/collection
com/cloudera/oryx/common/collection/LongObjectMap/isEmpty()Z;com/cloudera/oryx/common/collection
com/cloudera/oryx/common/collection/LongObjectMap/put(JLjava/lang/Object,)Ljava/lang/Object,;com/cloudera/oryx/common/collection
com/cloudera/oryx/common/collection/LongObjectMap/remove(J)Ljava/lang/Object,;com/cloudera/oryx/common/collection
com/cloudera/oryx/common/ClassUtils/loadInstanceOf(Ljava/lang/String,Ljava/lang/Class,[Ljava/lang/Class,[Ljava/lang/Object,)Ljava/lang/Object,;com/cloudera/oryx/common
com.cloudera.oryx.common.ClassUtilsTest.testInstantiateWithArgs;com/cloudera/oryx/common
com/cloudera/oryx/common/ClassUtils/doLoadClass(Ljava/lang/String,Ljava/lang/Class,Ljava/lang/ClassLoader,)Ljava/lang/Class,;com/cloudera/oryx/common
com/cloudera/oryx/common/ClassUtils/doLoadInstanceOf(Ljava/lang/String,Ljava/lang/Class,[Ljava/lang/Class,[Ljava/lang/Object,Ljava/lang/ClassLoader,)Ljava/lang/Object,;com/cloudera/oryx/common
com/cloudera/oryx/common/math/AbstractRealVectorPreservingVisitor/start(III)V;com/cloudera/oryx/common/math
com.cloudera.oryx.common.math.SparseIteratorTest.testManyOptimizedSparseIterator;com/cloudera/oryx/common/math
com/cloudera/oryx/common/math/AbstractRealVectorPreservingVisitor/end()D;com/cloudera/oryx/common/math
com/cloudera/oryx/common/math/OpenMapRealVector/<init>(II)V;com/cloudera/oryx/common/math
com/cloudera/oryx/common/math/OpenMapRealVector/<init>(IID)V;com/cloudera/oryx/common/math
com/cloudera/oryx/common/math/OpenMapRealVector/isDefaultValue(D)Z;com/cloudera/oryx/common/math
com/cloudera/oryx/common/math/OpenMapRealVector/getDimension()I;com/cloudera/oryx/common/math
com/cloudera/oryx/common/math/OpenMapRealVector/setEntry(ID)V;com/cloudera/oryx/common/math
com/cloudera/oryx/common/math/OpenMapRealVector/sparseIterator()Ljava/util/Iterator,;com/cloudera/oryx/common/math
com/cloudera/oryx/common/math/OpenMapRealVector$OpenMapEntry/<init>(Lorg/apache/commons/math3/util/OpenIntToDoubleHashMap$Iterator,)V;com/cloudera/oryx/common/math
com/cloudera/oryx/common/math/OpenMapRealVector$OpenMapEntry/getValue()D;com/cloudera/oryx/common/math
com/cloudera/oryx/common/math/OpenMapRealVector$OpenMapEntry/getIndex()I;com/cloudera/oryx/common/math
com/cloudera/oryx/common/math/OpenMapRealVector$OpenMapSparseIterator/<init>()V;com/cloudera/oryx/common/math
com/cloudera/oryx/common/math/OpenMapRealVector$OpenMapSparseIterator/hasNext()Z;com/cloudera/oryx/common/math
com/cloudera/oryx/common/math/OpenMapRealVector$OpenMapSparseIterator/next()Lorg/apache/commons/math3/linear/RealVector$Entry,;com/cloudera/oryx/common/math
com/cloudera/oryx/common/math/SparseRealVector/walkInOptimizedOrder(Lorg/apache/commons/math3/linear/RealVectorPreservingVisitor,)D;com/cloudera/oryx/common/math
com/cloudera/oryx/common/math/SparseRealVector/doWalk(Ljava/util/Iterator,Lorg/apache/commons/math3/linear/RealVectorPreservingVisitor,)D;com/cloudera/oryx/common/math
com/cloudera/oryx/common/math/Vectors/sparse(II)Lcom/cloudera/oryx/common/math/SparseRealVector,;com/cloudera/oryx/common/math
com.cloudera.oryx.common.settings.ConfigUtilsTest.testDefaultConfig;com/cloudera/oryx/common/settings
com/cloudera/oryx/common/stats/DoubleWeightedMean/<init>()V;com/cloudera/oryx/common/stats
com.cloudera.oryx.common.stats.DoubleWeightedMeanTest.testComplex;com/cloudera/oryx/common/stats
com/cloudera/oryx/common/stats/DoubleWeightedMean/<init>(JDD)V;com/cloudera/oryx/common/stats
com/cloudera/oryx/common/stats/DoubleWeightedMean/getResult()D;com/cloudera/oryx/common/stats
com/cloudera/oryx/common/stats/DoubleWeightedMean/getN()J;com/cloudera/oryx/common/stats
com/cloudera/oryx/common/stats/DoubleWeightedMean/increment(DD)V;com/cloudera/oryx/common/stats
com.cloudera.oryx.common.math.SparseIteratorTest.testSingleDefaultSparseIterator;com/cloudera/oryx/common/math
com/cloudera/oryx/common/math/OpenMapRealVector/<init>(I)V;com/cloudera/oryx/common/math
com/cloudera/oryx/common/math/OpenMapRealVector/<init>(ID)V;com/cloudera/oryx/common/math
com/cloudera/oryx/common/math/OpenMapRealVector/getEntry(I)D;com/cloudera/oryx/common/math
com/cloudera/oryx/common/math/OpenMapRealVector/sparseInOrderIterator()Ljava/util/Iterator,;com/cloudera/oryx/common/math
com/cloudera/oryx/common/math/OpenMapRealVector$OpenMapSparseInOrderIterator/<init>()V;com/cloudera/oryx/common/math
com/cloudera/oryx/common/math/OpenMapRealVector$OpenMapSparseInOrderIterator/hasNext()Z;com/cloudera/oryx/common/math
com/cloudera/oryx/common/math/OpenMapRealVector$OpenMapSparseInOrderIterator/next()Lorg/apache/commons/math3/linear/RealVector$Entry,;com/cloudera/oryx/common/math
com/cloudera/oryx/common/math/SparseRealVector/walkInDefaultOrder(Lorg/apache/commons/math3/linear/RealVectorPreservingVisitor,)D;com/cloudera/oryx/common/math
com/cloudera/oryx/common/math/Vectors/sparse(I)Lcom/cloudera/oryx/common/math/SparseRealVector,;com/cloudera/oryx/common/math
com/cloudera/oryx/common/iterator/LongPrimitiveArrayIterator/<init>([J)V;com/cloudera/oryx/common/iterator
com/cloudera/oryx/common/iterator/LongPrimitiveArrayIterator/hasNext()Z;com/cloudera/oryx/common/iterator
com/cloudera/oryx/common/iterator/LongPrimitiveArrayIterator/next()Ljava/lang/Long,;com/cloudera/oryx/common/iterator
com/cloudera/oryx/common/iterator/LongPrimitiveArrayIterator/nextLong()J;com/cloudera/oryx/common/iterator
com/cloudera/oryx/common/parallel/ExecutorUtils/shutdownNowAndAwait(Ljava/util/concurrent/ExecutorService,)V;com/cloudera/oryx/common/parallel
com.cloudera.oryx.common.parallel.ExecutorUtilsTest.testNow;com/cloudera/oryx/common/parallel
com/cloudera/oryx/common/collection/BitSet/<init>(I)V;com/cloudera/oryx/common/collection
com.cloudera.oryx.common.collection.BitSetTest.testEquals;com/cloudera/oryx/common/collection
com/cloudera/oryx/common/collection/BitSet/set(I)V;com/cloudera/oryx/common/collection
com/cloudera/oryx/common/collection/BitSet/equals(Ljava/lang/Object,)Z;com/cloudera/oryx/common/collection
com/cloudera/oryx/common/math/MatrixUtils/addTo(JJFLcom/cloudera/oryx/common/collection/LongObjectMap,Lcom/cloudera/oryx/common/collection/LongObjectMap,)V;com/cloudera/oryx/common/math
com.cloudera.oryx.common.math.MatrixUtilsTest.testAddTo;com/cloudera/oryx/common/math
com/cloudera/oryx/common/math/MatrixUtils/addToByRow(JJFLcom/cloudera/oryx/common/collection/LongObjectMap,)V;com/cloudera/oryx/common/math
com/cloudera/oryx/common/collection/LongFloatMap/increment(JF)V;com/cloudera/oryx/common/collection
com.cloudera.oryx.common.collection.BitSetTest.testBounds2;com/cloudera/oryx/common/collection
com/cloudera/oryx/common/random/RandomManager/getRandom()Lorg/apache/commons/math3/random/RandomGenerator,;com/cloudera/oryx/common/random
com.cloudera.oryx.common.collection.SamplingLongPrimitiveIteratorTest.testSamplingRate2;com/cloudera/oryx/common/collection
com/cloudera/oryx/common/collection/LongSet/<init>()V;com/cloudera/oryx/common/collection
com/cloudera/oryx/common/collection/LongSet/iterator()Lcom/cloudera/oryx/common/iterator/LongPrimitiveIterator,;com/cloudera/oryx/common/collection
com/cloudera/oryx/common/collection/SamplingLongPrimitiveIterator/<init>(Lorg/apache/commons/math3/random/RandomGenerator,Lcom/cloudera/oryx/common/iterator/LongPrimitiveIterator,D)V;com/cloudera/oryx/common/collection
com.cloudera.oryx.common.collection.SamplingLongPrimitiveIteratorTest.testEmpty;com/cloudera/oryx/common/collection
com/cloudera/oryx/common/collection/LongSet$KeyIterator/hasNext()Z;com/cloudera/oryx/common/collection
com/cloudera/oryx/common/collection/LongSet$KeyIterator/goToNext()V;com/cloudera/oryx/common/collection
com/cloudera/oryx/common/collection/LongSet$KeyIterator/skip(I)V;com/cloudera/oryx/common/collection
com/cloudera/oryx/common/collection/SamplingLongPrimitiveIterator/hasNext()Z;com/cloudera/oryx/common/collection
com/cloudera/oryx/common/collection/SamplingLongPrimitiveIterator/nextLong()J;com/cloudera/oryx/common/collection
com/cloudera/oryx/common/collection/SamplingLongPrimitiveIterator/doNext()V;com/cloudera/oryx/common/collection
com/cloudera/oryx/common/collection/SamplingLongPrimitiveIterator/skip(I)V;com/cloudera/oryx/common/collection
com/cloudera/oryx/common/math/SimpleVectorMath/dot([F[F)D;com/cloudera/oryx/common/math
com.cloudera.oryx.common.math.MatrixUtilsTest.testMultiplyXYT;com/cloudera/oryx/common/math
com.cloudera.oryx.common.collection.LongFloatMapTest.testClear;com/cloudera/oryx/common/collection
com/cloudera/oryx/common/collection/LongFloatMap/size()I;com/cloudera/oryx/common/collection
com/cloudera/oryx/common/collection/LongFloatMap/isEmpty()Z;com/cloudera/oryx/common/collection
com/cloudera/oryx/common/collection/LongFloatMap/clear()V;com/cloudera/oryx/common/collection
com.cloudera.oryx.common.math.MatrixUtilsTest.testRemove;com/cloudera/oryx/common/math
com/cloudera/oryx/common/math/MatrixUtils/remove(JJLcom/cloudera/oryx/common/collection/LongObjectMap,Lcom/cloudera/oryx/common/collection/LongObjectMap,)V;com/cloudera/oryx/common/math
com/cloudera/oryx/common/math/MatrixUtils/removeByRow(JJLcom/cloudera/oryx/common/collection/LongObjectMap,)V;com/cloudera/oryx/common/math
com/cloudera/oryx/common/collection/LongFloatMap/remove(J)V;com/cloudera/oryx/common/collection
com.cloudera.oryx.common.collection.LongSetTest.testSizeEmpty;com/cloudera/oryx/common/collection
com/cloudera/oryx/common/collection/LongSet/size()I;com/cloudera/oryx/common/collection
com/cloudera/oryx/common/collection/LongSet/isEmpty()Z;com/cloudera/oryx/common/collection
com/cloudera/oryx/common/collection/LongSet/remove(J)Z;com/cloudera/oryx/common/collection
com/cloudera/oryx/common/log/MemoryHandler/<init>()V;com/cloudera/oryx/common/log
com.cloudera.oryx.common.log.MemoryHandlerTest.testLog;com/cloudera/oryx/common/log
com/cloudera/oryx/common/log/MemoryHandler/getLogLines()Ljava/lang/Iterable,;com/cloudera/oryx/common/log
com/cloudera/oryx/common/log/MemoryHandler/publish(Ljava/util/logging/LogRecord,)V;com/cloudera/oryx/common/log
com.cloudera.oryx.common.math.SimpleVectorMathTest.testDot;com/cloudera/oryx/common/math
com.cloudera.oryx.common.settings.InboundSettingsTest.testCategoricalSettings;com/cloudera/oryx/common/settings
com/cloudera/oryx/common/settings/InboundSettings/<init>(Ljava/util/List,Ljava/util/Collection,Ljava/util/Collection,Ljava/util/Collection,Ljava/util/Collection,Ljava/lang/Integer,)V;com/cloudera/oryx/common/settings
com/cloudera/oryx/common/settings/InboundSettings/getIdColumns()Ljava/util/Collection,;com/cloudera/oryx/common/settings
com/cloudera/oryx/common/settings/InboundSettings/getCategoricalColumns()Ljava/util/Collection,;com/cloudera/oryx/common/settings
com/cloudera/oryx/common/settings/InboundSettings/getNumericColumns()Ljava/util/Collection,;com/cloudera/oryx/common/settings
com/cloudera/oryx/common/settings/InboundSettings/getIgnoredColumns()Ljava/util/Collection,;com/cloudera/oryx/common/settings
com/cloudera/oryx/common/settings/InboundSettings/getTargetColumn()Ljava/lang/Integer,;com/cloudera/oryx/common/settings
com/cloudera/oryx/common/settings/InboundSettings$LookupFunction/apply(Ljava/lang/Object,)Ljava/lang/Integer,;com/cloudera/oryx/common/settings
com.cloudera.oryx.common.collection.LongFloatMapTest.testVersusHashMap;com/cloudera/oryx/common/collection
com/cloudera/oryx/common/collection/LongFloatMap/rehash()V;com/cloudera/oryx/common/collection
com/cloudera/oryx/common/collection/LongFloatMap/growAndRehash()V;com/cloudera/oryx/common/collection
com/cloudera/oryx/common/collection/LongFloatMap/rehash(I)V;com/cloudera/oryx/common/collection
com.cloudera.oryx.common.collection.LongObjectMapTest.testContains;com/cloudera/oryx/common/collection
com/cloudera/oryx/common/collection/LongObjectMap/containsKey(J)Z;com/cloudera/oryx/common/collection
com/cloudera/oryx/common/collection/LongObjectMap/containsValue(Ljava/lang/Object,)Z;com/cloudera/oryx/common/collection
com.cloudera.oryx.common.LangUtilsTest.testDouble;com/cloudera/oryx/common
com/cloudera/oryx/common/io/DelimitedDataUtils/encode(C[Ljava/lang/Object,)Ljava/lang/String,;com/cloudera/oryx/common/io
com.cloudera.oryx.common.io.DelimitedDataUtilsTest.testVsIterable;com/cloudera/oryx/common/io
com/cloudera/oryx/common/io/DelimitedDataUtils/encode(CLjava/lang/Iterable,)Ljava/lang/String,;com/cloudera/oryx/common/io
com/cloudera/oryx/common/io/DelimitedDataUtils/doEncode(Ljava/lang/CharSequence,C)Ljava/lang/CharSequence,;com/cloudera/oryx/common/io
com/cloudera/oryx/common/math/SimpleVectorMath/norm([F)D;com/cloudera/oryx/common/math
com.cloudera.oryx.common.math.SimpleVectorMathTest.testNorm;com/cloudera/oryx/common/math
com.cloudera.oryx.common.collection.LongFloatMapTest.testMaxSize;com/cloudera/oryx/common/collection
com/cloudera/oryx/common/math/Vectors/dense(I)Lorg/apache/commons/math3/linear/RealVector,;com/cloudera/oryx/common/math
com.cloudera.oryx.common.math.VectorsTest.testDense;com/cloudera/oryx/common/math
com.cloudera.oryx.common.settings.InboundSettingsTest.testTarget;com/cloudera/oryx/common/settings
com.cloudera.oryx.common.collection.LongSetTest.testIterator;com/cloudera/oryx/common/collection
com/cloudera/oryx/common/collection/LongSet$KeyIterator/nextLong()J;com/cloudera/oryx/common/collection
com.cloudera.oryx.common.parallel.ExecutorUtilsTest.testGetResults;com/cloudera/oryx/common/parallel
com/cloudera/oryx/common/parallel/ExecutorUtils/getResults(Ljava/lang/Iterable,)Ljava/util/List,;com/cloudera/oryx/common/parallel
com.cloudera.oryx.common.stats.DoubleWeightedMeanTest.testNone;com/cloudera/oryx/common/stats
com/cloudera/oryx/common/math/NamedRealVector/<init>(Lorg/apache/commons/math3/linear/RealVector,Ljava/lang/String,)V;com/cloudera/oryx/common/math
com.cloudera.oryx.common.math.NamedRealVectorTest.testName;com/cloudera/oryx/common/math
com/cloudera/oryx/common/math/NamedRealVector/getName()Ljava/lang/String,;com/cloudera/oryx/common/math
com/cloudera/oryx/common/math/NamedRealVector/getDimension()I;com/cloudera/oryx/common/math
com/cloudera/oryx/common/math/NamedRealVector/getEntry(I)D;com/cloudera/oryx/common/math
com.cloudera.oryx.common.collection.BitSetTest.testBounds1;com/cloudera/oryx/common/collection
com.cloudera.oryx.common.io.DelimitedDataUtilsTest.testEncode;com/cloudera/oryx/common/io
com.cloudera.oryx.common.collection.LongSetTest.testContains;com/cloudera/oryx/common/collection
com.cloudera.oryx.common.math.SparseIteratorTest.testEmptyOptimizedSparseIterator;com/cloudera/oryx/common/math
com.cloudera.oryx.common.collection.SamplingLongPrimitiveIteratorTest.testSkip2;com/cloudera/oryx/common/collection
com/cloudera/oryx/common/collection/LongSet/addAll([J)Z;com/cloudera/oryx/common/collection
com/cloudera/oryx/common/collection/LongSet/growAndRehash()V;com/cloudera/oryx/common/collection
com/cloudera/oryx/common/collection/LongSet/rehash(I)V;com/cloudera/oryx/common/collection
com/cloudera/oryx/common/iterator/AbstractLongPrimitiveIterator/next()Ljava/lang/Long,;com/cloudera/oryx/common/iterator
com/cloudera/oryx/common/stats/IntegerWeightedMean/<init>()V;com/cloudera/oryx/common/stats
com.cloudera.oryx.common.stats.IntegerWeightedMeanTest.testDecrement;com/cloudera/oryx/common/stats
com/cloudera/oryx/common/stats/IntegerWeightedMean/<init>(JJD)V;com/cloudera/oryx/common/stats
com/cloudera/oryx/common/stats/IntegerWeightedMean/getResult()D;com/cloudera/oryx/common/stats
com/cloudera/oryx/common/stats/IntegerWeightedMean/getN()J;com/cloudera/oryx/common/stats
com/cloudera/oryx/common/stats/IntegerWeightedMean/increment(DJ)V;com/cloudera/oryx/common/stats
com/cloudera/oryx/common/stats/IntegerWeightedMean/decrement(DJ)V;com/cloudera/oryx/common/stats
com/cloudera/oryx/common/LangUtils/parseFloat(Ljava/lang/String,)F;com/cloudera/oryx/common
com.cloudera.oryx.common.LangUtilsTest.testFloat;com/cloudera/oryx/common
com/cloudera/oryx/common/io/IOUtils/deleteRecursively(Ljava/io/File,)V;com/cloudera/oryx/common/io
com.cloudera.oryx.common.io.IOUtilsTest.testDeleteRecursively;com/cloudera/oryx/common/io
com/cloudera/oryx/common/io/IOUtils/delete(Ljava/io/File,)V;com/cloudera/oryx/common/io
com/cloudera/oryx/common/io/IOUtils/mkdirs(Ljava/io/File,)V;com/cloudera/oryx/common/io
com.cloudera.oryx.common.collection.BitSetTest.testClone;com/cloudera/oryx/common/collection
com/cloudera/oryx/common/collection/BitSet/<init>(I[J)V;com/cloudera/oryx/common/collection
com/cloudera/oryx/common/collection/BitSet/get(I)Z;com/cloudera/oryx/common/collection
com/cloudera/oryx/common/collection/BitSet/clone()Lcom/cloudera/oryx/common/collection/BitSet,;com/cloudera/oryx/common/collection
com.cloudera.oryx.common.collection.LongSetTest.testRemove;com/cloudera/oryx/common/collection
com.cloudera.oryx.common.stats.DoubleWeightedMeanTest.testNegative;com/cloudera/oryx/common/stats
com.cloudera.oryx.common.collection.BitSetTest.testBounds0;com/cloudera/oryx/common/collection
com.cloudera.oryx.common.settings.APISettingsTest.testPort;com/cloudera/oryx/common/settings
com/cloudera/oryx/common/math/CommonsMathLinearSystemSolver/getSolver(Lorg/apache/commons/math3/linear/RealMatrix,)Lcom/cloudera/oryx/common/math/Solver,;com/cloudera/oryx/common/math
com.cloudera.oryx.common.math.CommonsMathLinearSystemSolverTest.testSolveFToD;com/cloudera/oryx/common/math
com/cloudera/oryx/common/math/CommonsMathSolver/<init>(Lorg/apache/commons/math3/linear/DecompositionSolver,)V;com/cloudera/oryx/common/math
com/cloudera/oryx/common/math/CommonsMathSolver/solveFToD([F)[D;com/cloudera/oryx/common/math
com/cloudera/oryx/common/math/QRDecomposition/<init>(Lorg/apache/commons/math3/linear/RealMatrix,D)V;com/cloudera/oryx/common/math
com/cloudera/oryx/common/math/QRDecomposition/decompose([[D)V;com/cloudera/oryx/common/math
com/cloudera/oryx/common/math/QRDecomposition/performHouseholderReflection(I[[D)V;com/cloudera/oryx/common/math
com/cloudera/oryx/common/math/QRDecomposition/getSolver()Lorg/apache/commons/math3/linear/DecompositionSolver,;com/cloudera/oryx/common/math
com/cloudera/oryx/common/math/QRDecomposition$Solver/<init>([[D[DD)V;com/cloudera/oryx/common/math
com/cloudera/oryx/common/math/QRDecomposition$Solver/isNonSingular()Z;com/cloudera/oryx/common/math
com/cloudera/oryx/common/math/QRDecomposition$Solver/solve(Lorg/apache/commons/math3/linear/RealVector,)Lorg/apache/commons/math3/linear/RealVector,;com/cloudera/oryx/common/math
com/cloudera/oryx/common/math/RRQRDecomposition/<init>(Lorg/apache/commons/math3/linear/RealMatrix,D)V;com/cloudera/oryx/common/math
com/cloudera/oryx/common/math/RRQRDecomposition/decompose([[D)V;com/cloudera/oryx/common/math
com/cloudera/oryx/common/math/RRQRDecomposition/performHouseholderReflection(I[[D)V;com/cloudera/oryx/common/math
com/cloudera/oryx/common/math/RRQRDecomposition/getP()Lorg/apache/commons/math3/linear/RealMatrix,;com/cloudera/oryx/common/math
com/cloudera/oryx/common/math/RRQRDecomposition/getSolver()Lorg/apache/commons/math3/linear/DecompositionSolver,;com/cloudera/oryx/common/math
com/cloudera/oryx/common/math/RRQRDecomposition$Solver/<init>(Lorg/apache/commons/math3/linear/DecompositionSolver,Lorg/apache/commons/math3/linear/RealMatrix,)V;com/cloudera/oryx/common/math
com/cloudera/oryx/common/math/RRQRDecomposition$Solver/isNonSingular()Z;com/cloudera/oryx/common/math
com/cloudera/oryx/common/math/RRQRDecomposition$Solver/solve(Lorg/apache/commons/math3/linear/RealVector,)Lorg/apache/commons/math3/linear/RealVector,;com/cloudera/oryx/common/math
com.cloudera.oryx.common.math.SimpleVectorMathTest.testNormalize;com/cloudera/oryx/common/math
com/cloudera/oryx/common/math/SimpleVectorMath/normalize([F)V;com/cloudera/oryx/common/math
com/cloudera/oryx/common/stats/RunningStatistics/<init>()V;com/cloudera/oryx/common/stats
com.cloudera.oryx.common.stats.RunningStatisticsTest.testInstantiate;com/cloudera/oryx/common/stats
com/cloudera/oryx/common/stats/RunningStatistics/getMin()D;com/cloudera/oryx/common/stats
com/cloudera/oryx/common/stats/RunningStatistics/getMax()D;com/cloudera/oryx/common/stats
com/cloudera/oryx/common/stats/RunningStatistics/increment(D)V;com/cloudera/oryx/common/stats
com.cloudera.oryx.common.collection.LongObjectMapTest.testMaxSize;com/cloudera/oryx/common/collection
com/cloudera/oryx/common/ReloadingReference/<init>(Ljava/util/concurrent/Callable,JLjava/util/concurrent/TimeUnit,)V;com/cloudera/oryx/common
com.cloudera.oryx.common.ReloadingReferenceTest.testReload;com/cloudera/oryx/common
com/cloudera/oryx/common/ReloadingReference/get()Ljava/lang/Object,;com/cloudera/oryx/common
com/cloudera/oryx/common/ReloadingReference/doGet()V;com/cloudera/oryx/common
com/cloudera/oryx/common/ReloadingReference/maybeGet()Ljava/lang/Object,;com/cloudera/oryx/common
com.cloudera.oryx.common.collection.LongObjectMapTest.testRehash;com/cloudera/oryx/common/collection
com/cloudera/oryx/common/collection/LongObjectMap/rehash()V;com/cloudera/oryx/common/collection
com/cloudera/oryx/common/collection/LongObjectMap/rehash(I)V;com/cloudera/oryx/common/collection
com.cloudera.oryx.common.collection.BitSetTest.testNextBitSetRandom;com/cloudera/oryx/common/collection
com/cloudera/oryx/common/collection/BitSet/nextSetBit(I)I;com/cloudera/oryx/common/collection
com/cloudera/oryx/common/ReloadingReference/<init>(Ljava/util/concurrent/Callable,)V;com/cloudera/oryx/common
com.cloudera.oryx.common.ReloadingReferenceTest.testNoReload;com/cloudera/oryx/common
com/cloudera/oryx/common/ReloadingReference/clear()V;com/cloudera/oryx/common
com.cloudera.oryx.common.settings.APISettingsTest.testInvalidPort;com/cloudera/oryx/common/settings
com.cloudera.oryx.common.collection.BitSetTest.testClear;com/cloudera/oryx/common/collection
com/cloudera/oryx/common/collection/BitSet/clear()V;com/cloudera/oryx/common/collection
com.cloudera.oryx.common.LangUtilsTest.testDoubleNaN;com/cloudera/oryx/common
com.cloudera.oryx.common.parallel.ExecutorUtilsTest.testCheckExceptions;com/cloudera/oryx/common/parallel
com.cloudera.oryx.common.collection.LongObjectMapTest.testSizeEmpty;com/cloudera/oryx/common/collection
com.cloudera.oryx.common.collection.LongSetTest.testClear;com/cloudera/oryx/common/collection
com/cloudera/oryx/common/collection/LongSet/clear()V;com/cloudera/oryx/common/collection
com.cloudera.oryx.common.collection.SamplingLongPrimitiveIteratorTest.testSample3;com/cloudera/oryx/common/collection
com.cloudera.oryx.common.LangUtilsTest.testFloatNaN;com/cloudera/oryx/common
com.cloudera.oryx.common.collection.LongObjectMapTest.testVersusHashMap;com/cloudera/oryx/common/collection
com/cloudera/oryx/common/collection/LongObjectMap/growAndRehash()V;com/cloudera/oryx/common/collection
com.cloudera.oryx.common.collection.LongObjectMapTest.testClear;com/cloudera/oryx/common/collection
com/cloudera/oryx/common/collection/LongObjectMap/clear()V;com/cloudera/oryx/common/collection
com.cloudera.oryx.common.math.SparseIteratorTest.testManyDefaultSparseIterator;com/cloudera/oryx/common/math
com/cloudera/oryx/common/io/DelimitedDataUtils/decode(Ljava/lang/CharSequence,)[Ljava/lang/String,;com/cloudera/oryx/common/io
com.cloudera.oryx.common.io.DelimitedDataUtilsTest.testDecodeEmpty;com/cloudera/oryx/common/io
com/cloudera/oryx/common/io/DelimitedDataUtils/decode(Ljava/lang/CharSequence,C)[Ljava/lang/String,;com/cloudera/oryx/common/io
com.cloudera.oryx.common.collection.LongFloatMapTest.testRehash;com/cloudera/oryx/common/collection
com.cloudera.oryx.common.collection.LongSetTest.testVersusHashSet;com/cloudera/oryx/common/collection
com/cloudera/oryx/common/collection/LongSet/rehash()V;com/cloudera/oryx/common/collection
com.cloudera.oryx.common.log.MemoryHandlerTest.testManyLogLines;com/cloudera/oryx/common/log
com.cloudera.oryx.common.collection.BitSetTest.testGetSet;com/cloudera/oryx/common/collection
com.cloudera.oryx.common.settings.InboundSettingsTest.testNumColumns;com/cloudera/oryx/common/settings
com.cloudera.oryx.common.LangUtilsTest.testFloatInf;com/cloudera/oryx/common
com.cloudera.oryx.common.collection.LongFloatMapTest.testRemove;com/cloudera/oryx/common/collection
com.cloudera.oryx.common.collection.LongFloatMapTest.testContains;com/cloudera/oryx/common/collection
com/cloudera/oryx/common/collection/LongFloatMap/containsKey(J)Z;com/cloudera/oryx/common/collection
com.cloudera.oryx.common.settings.InboundSettingsTest.testDefaults;com/cloudera/oryx/common/settings
com/cloudera/oryx/common/settings/InboundSettings/getLookupFunction()Lcom/google/common/base/Function,;com/cloudera/oryx/common/settings
com/cloudera/oryx/common/stats/JVMEnvironment/<init>()V;com/cloudera/oryx/common/stats
com.cloudera.oryx.common.stats.JVMEnvironmentTest.testJVM;com/cloudera/oryx/common/stats
com/cloudera/oryx/common/stats/JVMEnvironment/getUsedMemory()J;com/cloudera/oryx/common/stats
com/cloudera/oryx/common/stats/JVMEnvironment/getUsedMemoryMB()I;com/cloudera/oryx/common/stats
com/cloudera/oryx/common/stats/JVMEnvironment/getMaxMemory()J;com/cloudera/oryx/common/stats
com/cloudera/oryx/common/stats/JVMEnvironment/getMaxMemoryMB()I;com/cloudera/oryx/common/stats
com/cloudera/oryx/common/stats/JVMEnvironment/getPercentUsedMemory()I;com/cloudera/oryx/common/stats
com/cloudera/oryx/common/stats/JVMEnvironment/getHostName()Ljava/lang/String,;com/cloudera/oryx/common/stats
com.cloudera.oryx.common.math.VectorsTest.testSparse;com/cloudera/oryx/common/math
com.cloudera.oryx.common.collection.BitSetTest.testNextSetBit;com/cloudera/oryx/common/collection
com.cloudera.oryx.common.collection.LongFloatMapTest.testSizeEmpty;com/cloudera/oryx/common/collection
com.cloudera.oryx.common.settings.InboundSettingsTest.testNoSetting;com/cloudera/oryx/common/settings
com.cloudera.oryx.common.stats.DoubleWeightedMeanTest.testOne;com/cloudera/oryx/common/stats
com/cloudera/oryx/common/stats/DoubleWeightedMean/increment(D)V;com/cloudera/oryx/common/stats
com.cloudera.oryx.common.io.DelimitedDataUtilsTest.testDecodeQuote;com/cloudera/oryx/common/io
com.cloudera.oryx.common.io.DelimitedDataUtilsTest.testDecodeDelimiters;com/cloudera/oryx/common/io
com/cloudera/oryx/common/ClassUtils/loadInstanceOf(Ljava/lang/String,Ljava/lang/Class,)Ljava/lang/Object,;com/cloudera/oryx/common
com.cloudera.oryx.common.ClassUtilsTest.testInstantiate;com/cloudera/oryx/common
com.cloudera.oryx.common.stats.IntegerWeightedMeanTest.testNone;com/cloudera/oryx/common/stats
com.cloudera.oryx.common.stats.IntegerWeightedMeanTest.testWeighted;com/cloudera/oryx/common/stats
com.cloudera.oryx.common.collection.SamplingLongPrimitiveIteratorTest.testSample2;com/cloudera/oryx/common/collection
com.cloudera.oryx.common.stats.IntegerWeightedMeanTest.testComplex;com/cloudera/oryx/common/stats
com.cloudera.oryx.common.collection.LongSetTest.testContainsAndAdd;com/cloudera/oryx/common/collection
com.cloudera.oryx.common.stats.IntegerWeightedMeanTest.testOne;com/cloudera/oryx/common/stats
com/cloudera/oryx/common/stats/IntegerWeightedMean/increment(D)V;com/cloudera/oryx/common/stats
com.cloudera.oryx.common.stats.IntegerWeightedMeanTest.testNegative;com/cloudera/oryx/common/stats
com.cloudera.oryx.common.collection.SamplingLongPrimitiveIteratorTest.testSkip1;com/cloudera/oryx/common/collection
com/cloudera/oryx/common/math/MatrixUtils/accessMatrixDataDirectly(Lorg/apache/commons/math3/linear/RealMatrix,)[[D;com/cloudera/oryx/common/math
com.cloudera.oryx.common.math.MatrixUtilsTest.testAccess;com/cloudera/oryx/common/math
com.cloudera.oryx.common.collection.SamplingLongPrimitiveIteratorTest.testSamplingRate1;com/cloudera/oryx/common/collection
com.cloudera.oryx.common.settings.APISettingsTest.testDefaultConfig;com/cloudera/oryx/common/settings
com.cloudera.oryx.common.io.DelimitedDataUtilsTest.testVsObject;com/cloudera/oryx/common/io
com.cloudera.oryx.common.math.SparseIteratorTest.testSingleOptimizedSparseIterator;com/cloudera/oryx/common/math
com.cloudera.oryx.common.collection.BitSetTest.testString;com/cloudera/oryx/common/collection
com/cloudera/oryx/common/collection/BitSet/toString()Ljava/lang/String,;com/cloudera/oryx/common/collection
com.cloudera.oryx.common.collection.LongObjectMapTest.testPutAndGet;com/cloudera/oryx/common/collection
com.cloudera.oryx.common.io.DelimitedDataUtilsTest.testDecode;com/cloudera/oryx/common/io
com.cloudera.oryx.common.collection.SamplingLongPrimitiveIteratorTest.testSample1;com/cloudera/oryx/common/collection
com.cloudera.oryx.common.math.SparseIteratorTest.testEmptyDefaultSparseIterator;com/cloudera/oryx/common/math
com.cloudera.oryx.common.collection.BitSetTest.testCardinality;com/cloudera/oryx/common/collection
com/cloudera/oryx/common/collection/BitSet/clear(I)V;com/cloudera/oryx/common/collection
com/cloudera/oryx/common/collection/BitSet/cardinality()I;com/cloudera/oryx/common/collection
com.cloudera.oryx.common.math.CommonsMathLinearSystemSolverTest.testSolveDToF;com/cloudera/oryx/common/math
com/cloudera/oryx/common/math/CommonsMathSolver/solveDToF([D)[F;com/cloudera/oryx/common/math
com.cloudera.oryx.common.io.DelimitedDataUtilsTest.testEncodeDelimiters;com/cloudera/oryx/common/io
com.cloudera.oryx.common.collection.LongSetTest.testRehash;com/cloudera/oryx/common/collection
com.cloudera.oryx.common.collection.LongSetTest.testReservedValues;com/cloudera/oryx/common/collection
com.cloudera.oryx.common.math.VectorsTest.testLike;com/cloudera/oryx/common/math
com/cloudera/oryx/common/math/Vectors/like(Lorg/apache/commons/math3/linear/RealVector,)Lorg/apache/commons/math3/linear/RealVector,;com/cloudera/oryx/common/math
com.cloudera.oryx.common.settings.APISettingsTest.testComputationLayerDefaults;com/cloudera/oryx/common/settings
com.cloudera.oryx.common.io.DelimitedDataUtilsTest.testEncodeQuote;com/cloudera/oryx/common/io
com.cloudera.oryx.common.settings.InboundSettingsTest.testContinuousSettings;com/cloudera/oryx/common/settings
com/cloudera/oryx/common/ClassUtils/loadField(Ljava/lang/Class,Ljava/lang/String,)Ljava/lang/reflect/Field,;com/cloudera/oryx/common
com.cloudera.oryx.common.math.MatrixUtilsTest.testTransposeTimesSelf;com/cloudera/oryx/common/math
com/cloudera/oryx/common/math/MatrixUtils/transposeTimesSelf(Lcom/cloudera/oryx/common/collection/LongObjectMap,)Lorg/apache/commons/math3/linear/RealMatrix,;com/cloudera/oryx/common/math
com/cloudera/oryx/common/collection/LongObjectMap/entrySet()Ljava/util/Set,;com/cloudera/oryx/common/collection
com/cloudera/oryx/common/collection/LongObjectMap$EntrySet/iterator()Ljava/util/Iterator,;com/cloudera/oryx/common/collection
com/cloudera/oryx/common/collection/LongObjectMap$MapEntryImpl/setIndex(I)V;com/cloudera/oryx/common/collection
com/cloudera/oryx/common/collection/LongObjectMap$MapEntryImpl/getValue()Ljava/lang/Object,;com/cloudera/oryx/common/collection
com/cloudera/oryx/common/collection/LongObjectMap$EntryIterator/hasNext()Z;com/cloudera/oryx/common/collection
com/cloudera/oryx/common/collection/LongObjectMap$EntryIterator/next()Lcom/cloudera/oryx/common/collection/LongObjectMap$MapEntry,;com/cloudera/oryx/common/collection
com/cloudera/oryx/common/collection/LongObjectMap$EntryIterator/goToNext()V;com/cloudera/oryx/common/collection
com/cloudera/oryx/common/io/IOUtils/copyStreamToFile(Ljava/io/InputStream,Ljava/io/File,)V;com/cloudera/oryx/common/io
com.cloudera.oryx.common.io.IOUtilsTest.testCopyStream;com/cloudera/oryx/common/io
com/cloudera/oryx/common/io/IOUtils/copyURLToFile(Ljava/net/URL,Ljava/io/File,)V;com/cloudera/oryx/common/io
com.cloudera.oryx.common.stats.DoubleWeightedMeanTest.testWeighted;com/cloudera/oryx/common/stats
com/cloudera/oryx/computation/common/DependenciesScheduler/schedule(Ljava/util/Collection,)Ljava/util/List,;com/cloudera/oryx/computation/common
com.cloudera.oryx.computation.common.DependenciesSchedulerTest.testOne;com/cloudera/oryx/computation/common
com/cloudera/oryx/computation/common/DependenciesScheduler/schedule(Ljava/util/Map,)Ljava/util/List,;com/cloudera/oryx/computation/common
com/cloudera/oryx/computation/common/DependsOn/<init>(Ljava/lang/Object,)V;com/cloudera/oryx/computation/common
com/cloudera/oryx/computation/common/DependsOn/getHappensNext()Ljava/lang/Object,;com/cloudera/oryx/computation/common
com/cloudera/oryx/computation/common/DependsOn/getHappensFirst()Ljava/lang/Object,;com/cloudera/oryx/computation/common
com/cloudera/oryx/computation/common/DependsOn/toString()Ljava/lang/String,;com/cloudera/oryx/computation/common
com/cloudera/oryx/computation/common/sample/ReservoirSampling$2/map(Lorg/apache/crunch/Pair,)Lorg/apache/crunch/Pair,;com/cloudera/oryx/computation/common/sample
com.cloudera.oryx.computation.common.sample.ReservoirSamplingTest.testWRS;com/cloudera/oryx/computation/common/sample
com/cloudera/oryx/computation/common/sample/ReservoirSampling/weightedSample(Lorg/apache/crunch/PCollection,ILorg/apache/commons/math3/random/RandomGenerator,)Lorg/apache/crunch/PCollection,;com/cloudera/oryx/computation/common/sample
com/cloudera/oryx/computation/common/sample/ReservoirSampling$3/map(Lorg/apache/crunch/Pair,)Lorg/apache/crunch/Pair,;com/cloudera/oryx/computation/common/sample
com/cloudera/oryx/computation/common/sample/ReservoirSampling/groupedWeightedSample(Lorg/apache/crunch/PTable,ILorg/apache/commons/math3/random/RandomGenerator,)Lorg/apache/crunch/PTable,;com/cloudera/oryx/computation/common/sample
com/cloudera/oryx/computation/common/sample/ReservoirSampling$SampleFn/<init>(ILorg/apache/commons/math3/random/RandomGenerator,Lorg/apache/crunch/types/PType,)V;com/cloudera/oryx/computation/common/sample
com/cloudera/oryx/computation/common/sample/ReservoirSampling$SampleFn/initialize()V;com/cloudera/oryx/computation/common/sample
com/cloudera/oryx/computation/common/sample/ReservoirSampling$SampleFn/process(Lorg/apache/crunch/Pair,Lorg/apache/crunch/Emitter,)V;com/cloudera/oryx/computation/common/sample
com/cloudera/oryx/computation/common/sample/ReservoirSampling$SampleFn/cleanup(Lorg/apache/crunch/Emitter,)V;com/cloudera/oryx/computation/common/sample
com/cloudera/oryx/computation/common/sample/ReservoirSampling$WRSCombineFn/<init>(ILorg/apache/crunch/types/PType,)V;com/cloudera/oryx/computation/common/sample
com/cloudera/oryx/computation/common/sample/ReservoirSampling$WRSCombineFn/initialize()V;com/cloudera/oryx/computation/common/sample
com/cloudera/oryx/computation/common/sample/ReservoirSampling$WRSCombineFn/process(Lorg/apache/crunch/Pair,Lorg/apache/crunch/Emitter,)V;com/cloudera/oryx/computation/common/sample
com.cloudera.oryx.computation.common.DependenciesSchedulerTest.testEmpty;com/cloudera/oryx/computation/common
com.cloudera.oryx.computation.common.DependenciesSchedulerTest.testParallel;com/cloudera/oryx/computation/common
com.cloudera.oryx.computation.common.DependenciesSchedulerTest.testComplex;com/cloudera/oryx/computation/common
com/cloudera/oryx/computation/common/DependsOn/<init>(Ljava/lang/Object,Ljava/lang/Object,)V;com/cloudera/oryx/computation/common
com.cloudera.oryx.computation.common.DependenciesSchedulerTest.testSequence;com/cloudera/oryx/computation/common
com/cloudera/oryx/kmeans/common/Centers/<init>([Lorg/apache/commons/math3/linear/RealVector,)V;com/cloudera/oryx/kmeans/common
com.cloudera.oryx.kmeans.common.ClusterValidityStatisticsTest.testSingleton;com/cloudera/oryx/kmeans/common
com/cloudera/oryx/kmeans/common/Centers/<init>(Ljava/lang/Iterable,)V;com/cloudera/oryx/kmeans/common
com/cloudera/oryx/kmeans/common/Centers/size()I;com/cloudera/oryx/kmeans/common
com/cloudera/oryx/kmeans/common/Centers/getDistance(Lorg/apache/commons/math3/linear/RealVector,)Lcom/cloudera/oryx/kmeans/common/Distance,;com/cloudera/oryx/kmeans/common
com/cloudera/oryx/kmeans/common/ClusterValidityStatistics/create(Ljava/lang/Iterable,Lcom/cloudera/oryx/kmeans/common/Centers,Lcom/cloudera/oryx/kmeans/common/Centers,I)Lcom/cloudera/oryx/kmeans/common/ClusterValidityStatistics,;com/cloudera/oryx/kmeans/common
com/cloudera/oryx/kmeans/common/ClusterValidityStatistics/<init>(IIDDDD)V;com/cloudera/oryx/kmeans/common
com/cloudera/oryx/kmeans/common/ClusterValidityStatistics/getVanDongen()D;com/cloudera/oryx/kmeans/common
com/cloudera/oryx/kmeans/common/ClusterValidityStatistics/getVariationOfInformation()D;com/cloudera/oryx/kmeans/common
com/cloudera/oryx/kmeans/common/ClusterValidityStatistics/normVanDongen(Lorg/apache/commons/math3/linear/RealMatrix,[D[DD)D;com/cloudera/oryx/kmeans/common
com/cloudera/oryx/kmeans/common/ClusterValidityStatistics/normVarInformation(Lorg/apache/commons/math3/linear/RealMatrix,[D[DD)D;com/cloudera/oryx/kmeans/common
com/cloudera/oryx/kmeans/common/ClusterValidityStatistics/entropy([DD)D;com/cloudera/oryx/kmeans/common
com/cloudera/oryx/kmeans/common/Distance/<init>(DI)V;com/cloudera/oryx/kmeans/common
com/cloudera/oryx/kmeans/common/Distance/getClosestCenterId()I;com/cloudera/oryx/kmeans/common
com/cloudera/oryx/kmeans/common/Distance/getSquaredDistance()D;com/cloudera/oryx/kmeans/common
com/cloudera/oryx/kmeans/common/Weighted/<init>(Ljava/lang/Object,D)V;com/cloudera/oryx/kmeans/common
com/cloudera/oryx/kmeans/common/Weighted/thing()Ljava/lang/Object,;com/cloudera/oryx/kmeans/common
com/cloudera/oryx/kmeans/common/Weighted/weight()D;com/cloudera/oryx/kmeans/common
com/cloudera/oryx/kmeans/common/WeightedRealVector/<init>(Lorg/apache/commons/math3/linear/RealVector,D)V;com/cloudera/oryx/kmeans/common
com/cloudera/oryx/kmeans/common/Weighted/sample(Ljava/lang/Iterable,ILorg/apache/commons/math3/random/RandomGenerator,)Ljava/util/List,;com/cloudera/oryx/kmeans/common
com.cloudera.oryx.kmeans.common.WeightedTest.testEmpty;com/cloudera/oryx/kmeans/common
com.cloudera.oryx.kmeans.common.WeightedTest.testBasic;com/cloudera/oryx/kmeans/common
com.cloudera.oryx.kmeans.common.ClusterValidityStatisticsTest.testDifferentReweighted;com/cloudera/oryx/kmeans/common
com/cloudera/oryx/kmeans/common/ClusterValidityStatistics/getTestCost()D;com/cloudera/oryx/kmeans/common
com/cloudera/oryx/kmeans/common/ClusterValidityStatistics/getTrainCost()D;com/cloudera/oryx/kmeans/common
com/cloudera/oryx/kmeans/common/ClusterValidityStatistics$1/start(IIIIII)V;com/cloudera/oryx/kmeans/common
com/cloudera/oryx/kmeans/common/ClusterValidityStatistics$1/visit(IID)V;com/cloudera/oryx/kmeans/common
com/cloudera/oryx/kmeans/common/ClusterValidityStatistics$1/end()D;com/cloudera/oryx/kmeans/common
com.cloudera.oryx.kmeans.common.KMeansTest.testConvergence;com/cloudera/oryx/kmeans/common
com/cloudera/oryx/kmeans/common/Centers/equals(Ljava/lang/Object,)Z;com/cloudera/oryx/kmeans/common
com/cloudera/oryx/kmeans/common/LloydsUpdateStrategy/update(Ljava/util/List,Lcom/cloudera/oryx/kmeans/common/Centers,)Lcom/cloudera/oryx/kmeans/common/Centers,;com/cloudera/oryx/kmeans/common
com/cloudera/oryx/kmeans/common/LloydsUpdateStrategy/centroid(Ljava/lang/Iterable,)Lorg/apache/commons/math3/linear/RealVector,;com/cloudera/oryx/kmeans/common
com.cloudera.oryx.kmeans.common.WeightedTest.testSmallerCollectionThanSize;com/cloudera/oryx/kmeans/common
com.cloudera.oryx.kmeans.common.CentersTest.testSingleton;com/cloudera/oryx/kmeans/common
com/cloudera/oryx/kmeans/common/ClusterValidityStatistics/getK()I;com/cloudera/oryx/kmeans/common
com.cloudera.oryx.kmeans.common.KMeansEvalStrategyTest.testLowCostStable;com/cloudera/oryx/kmeans/common
com/cloudera/oryx/kmeans/common/ClusterValidityStatistics/getTotalCost()D;com/cloudera/oryx/kmeans/common
com/cloudera/oryx/kmeans/common/LowCostStableEvalStrategy/<init>(DZ)V;com/cloudera/oryx/kmeans/common
com/cloudera/oryx/kmeans/common/LowCostStableEvalStrategy/evaluate(Ljava/util/List,)Ljava/util/List,;com/cloudera/oryx/kmeans/common
com.cloudera.oryx.kmeans.common.KMeansTest.testRandomInit;com/cloudera/oryx/kmeans/common
com/cloudera/oryx/kmeans/common/KMeansInitStrategy$1$1/apply(Lcom/cloudera/oryx/kmeans/common/Weighted,)Lorg/apache/commons/math3/linear/RealVector,;com/cloudera/oryx/kmeans/common
com/cloudera/oryx/kmeans/common/KMeansInitStrategy$1/apply(Ljava/util/List,ILorg/apache/commons/math3/random/RandomGenerator,)Lcom/cloudera/oryx/kmeans/common/Centers,;com/cloudera/oryx/kmeans/common
com.cloudera.oryx.kmeans.common.KMeansEvalStrategyTest.testMostStable;com/cloudera/oryx/kmeans/common
com/cloudera/oryx/kmeans/common/MostStableEvalStrategy/<init>(ZZ)V;com/cloudera/oryx/kmeans/common
com/cloudera/oryx/kmeans/common/MostStableEvalStrategy/evaluate(Ljava/util/List,)Ljava/util/List,;com/cloudera/oryx/kmeans/common
com/cloudera/oryx/kmeans/common/MostStableEvalStrategy/getBestK(Ljava/util/Map,)I;com/cloudera/oryx/kmeans/common
com/cloudera/oryx/kmeans/common/MostStableEvalStrategy/getMean(Ljava/util/Collection,)D;com/cloudera/oryx/kmeans/common
com/cloudera/oryx/kmeans/common/MostStableEvalStrategy/getMedian(Ljava/util/List,)D;com/cloudera/oryx/kmeans/common
com.cloudera.oryx.kmeans.common.KMeansEvalStrategyTest.testFixedK;com/cloudera/oryx/kmeans/common
com/cloudera/oryx/kmeans/common/FixedKEvalStrategy/<init>(I)V;com/cloudera/oryx/kmeans/common
com/cloudera/oryx/kmeans/common/FixedKEvalStrategy/evaluate(Ljava/util/List,)Ljava/util/List,;com/cloudera/oryx/kmeans/common
com.cloudera.oryx.kmeans.common.KMeansTest.testUpdate;com/cloudera/oryx/kmeans/common
com.cloudera.oryx.kmeans.common.KMeansTest.testPlusPlusInit;com/cloudera/oryx/kmeans/common
com/cloudera/oryx/kmeans/common/Centers/contains(Lorg/apache/commons/math3/linear/RealVector,)Z;com/cloudera/oryx/kmeans/common
com/cloudera/oryx/kmeans/common/Centers/extendWith(Lorg/apache/commons/math3/linear/RealVector,)Lcom/cloudera/oryx/kmeans/common/Centers,;com/cloudera/oryx/kmeans/common
com/cloudera/oryx/kmeans/common/KMeansInitStrategy$2/apply(Ljava/util/List,ILorg/apache/commons/math3/random/RandomGenerator,)Lcom/cloudera/oryx/kmeans/common/Centers,;com/cloudera/oryx/kmeans/common
com.cloudera.oryx.kmeans.common.CentersTest.testTwo;com/cloudera/oryx/kmeans/common
com.cloudera.oryx.kmeans.common.ClusterValidityStatisticsTest.testIdentical;com/cloudera/oryx/kmeans/common
com.cloudera.oryx.kmeans.common.KMeansTest.testKmeansCompute;com/cloudera/oryx/kmeans/common
com/cloudera/oryx/kmeans/common/KMeans/<init>(Lcom/cloudera/oryx/kmeans/common/KMeansInitStrategy,Lcom/cloudera/oryx/kmeans/common/KMeansUpdateStrategy,)V;com/cloudera/oryx/kmeans/common
com/cloudera/oryx/kmeans/common/KMeans/compute(Ljava/util/List,ILorg/apache/commons/math3/random/RandomGenerator,)Lcom/cloudera/oryx/kmeans/common/Centers,;com/cloudera/oryx/kmeans/common
com/cloudera/oryx/kmeans/common/LloydsUpdateStrategy/<init>(I)V;com/cloudera/oryx/kmeans/common
com.cloudera.oryx.kmeans.common.ClusterValidityStatisticsTest.testReordered;com/cloudera/oryx/kmeans/common
com.cloudera.oryx.kmeans.common.KMeansTest.testMiniBatch;com/cloudera/oryx/kmeans/common
com/cloudera/oryx/kmeans/common/Centers/get(I)Lorg/apache/commons/math3/linear/RealVector,;com/cloudera/oryx/kmeans/common
com/cloudera/oryx/kmeans/common/MiniBatchUpdateStrategy/<init>(IILorg/apache/commons/math3/random/RandomGenerator,)V;com/cloudera/oryx/kmeans/common
com/cloudera/oryx/kmeans/common/MiniBatchUpdateStrategy/update(Ljava/util/List,Lcom/cloudera/oryx/kmeans/common/Centers,)Lcom/cloudera/oryx/kmeans/common/Centers,;com/cloudera/oryx/kmeans/common
com/cloudera/oryx/kmeans/common/WeightedSampler/<init>(Ljava/util/List,Lorg/apache/commons/math3/random/RandomGenerator,)V;com/cloudera/oryx/kmeans/common
com/cloudera/oryx/kmeans/common/WeightedSampler/sample()Ljava/lang/Object,;com/cloudera/oryx/kmeans/common
com.cloudera.oryx.kmeans.common.KMeansTest.testCentroids;com/cloudera/oryx/kmeans/common
com.cloudera.oryx.kmeans.common.ClusterValidityStatisticsTest.testDifferent;com/cloudera/oryx/kmeans/common
com/cloudera/oryx/kmeans/computation/MLAvros/vector()Lorg/apache/crunch/types/avro/AvroType,;com/cloudera/oryx/kmeans/computation
com.cloudera.oryx.kmeans.computation.normalize.StringParsingTest.testCategorical;com/cloudera/oryx/kmeans/computation/normalize
/MLAvros/<clinit>()V;
com/cloudera/oryx/kmeans/computation/normalize/NormalizeSettings/<init>()V;com/cloudera/oryx/kmeans/computation/normalize
com/cloudera/oryx/kmeans/computation/normalize/NormalizeSettings/<init>(Lcom/cloudera/oryx/kmeans/computation/normalize/Transform,)V;com/cloudera/oryx/kmeans/computation/normalize
com/cloudera/oryx/kmeans/computation/normalize/NormalizeSettings/<init>(Ljava/lang/Boolean,Lcom/cloudera/oryx/kmeans/computation/normalize/Transform,Ljava/util/Map,Ljava/util/Map,)V;com/cloudera/oryx/kmeans/computation/normalize
com/cloudera/oryx/kmeans/computation/normalize/NormalizeSettings/getSparse()Ljava/lang/Boolean,;com/cloudera/oryx/kmeans/computation/normalize
com/cloudera/oryx/kmeans/computation/normalize/NormalizeSettings/getTransform(I)Lcom/cloudera/oryx/kmeans/computation/normalize/Transform,;com/cloudera/oryx/kmeans/computation/normalize
com/cloudera/oryx/kmeans/computation/normalize/NormalizeSettings/getScale(I)D;com/cloudera/oryx/kmeans/computation/normalize
com/cloudera/oryx/kmeans/computation/normalize/StandardizeFn/<init>(Lcom/cloudera/oryx/computation/common/summary/Summary,)V;com/cloudera/oryx/kmeans/computation/normalize
com/cloudera/oryx/kmeans/computation/normalize/StandardizeFn/<init>(Lcom/cloudera/oryx/kmeans/computation/normalize/NormalizeSettings,Ljava/util/Collection,Ljava/util/Collection,Ljava/lang/String,)V;com/cloudera/oryx/kmeans/computation/normalize
com/cloudera/oryx/kmeans/computation/normalize/StandardizeFn/initialize()V;com/cloudera/oryx/kmeans/computation/normalize
com/cloudera/oryx/kmeans/computation/normalize/StandardizeFn/process(Lcom/cloudera/oryx/computation/common/records/Record,Lorg/apache/crunch/Emitter,)V;com/cloudera/oryx/kmeans/computation/normalize
com/cloudera/oryx/kmeans/computation/normalize/Transform$1/apply(DLcom/cloudera/oryx/computation/common/summary/SummaryStats,)D;com/cloudera/oryx/kmeans/computation/normalize
com/cloudera/oryx/kmeans/computation/covariance/CoMoment/<init>()V;com/cloudera/oryx/kmeans/computation/covariance
com.cloudera.oryx.kmeans.computation.covariance.CoMomentTest.testMergeZero;com/cloudera/oryx/kmeans/computation/covariance
com/cloudera/oryx/kmeans/computation/covariance/CoMoment/<init>(DDJD)V;com/cloudera/oryx/kmeans/computation/covariance
com/cloudera/oryx/kmeans/computation/covariance/CoMoment/update(DD)V;com/cloudera/oryx/kmeans/computation/covariance
com/cloudera/oryx/kmeans/computation/covariance/CoMoment/merge(Lcom/cloudera/oryx/kmeans/computation/covariance/CoMoment,)Lcom/cloudera/oryx/kmeans/computation/covariance/CoMoment,;com/cloudera/oryx/kmeans/computation/covariance
com/cloudera/oryx/kmeans/computation/covariance/CoMoment/equals(Ljava/lang/Object,)Z;com/cloudera/oryx/kmeans/computation/covariance
com/cloudera/oryx/kmeans/computation/covariance/CoMoment/approx(DD)Z;com/cloudera/oryx/kmeans/computation/covariance
com.cloudera.oryx.kmeans.computation.covariance.CoMomentTest.testMerge;com/cloudera/oryx/kmeans/computation/covariance
com/cloudera/oryx/kmeans/computation/covariance/Index/<init>(II)V;com/cloudera/oryx/kmeans/computation/covariance
com.cloudera.oryx.kmeans.computation.covariance.IndexTest.testEquality;com/cloudera/oryx/kmeans/computation/covariance
com/cloudera/oryx/kmeans/computation/covariance/Index/hashCode()I;com/cloudera/oryx/kmeans/computation/covariance
com/cloudera/oryx/kmeans/computation/covariance/Index/equals(Ljava/lang/Object,)Z;com/cloudera/oryx/kmeans/computation/covariance
com.cloudera.oryx.kmeans.computation.normalize.StringParsingTest.testSimple;com/cloudera/oryx/kmeans/computation/normalize
com/cloudera/oryx/kmeans/computation/normalize/StandardizeFn/<init>()V;com/cloudera/oryx/kmeans/computation/normalize
com/cloudera/oryx/kmeans/computation/MLAvros$1/map(Lcom/cloudera/oryx/kmeans/computation/avro/MLVector,)Lorg/apache/commons/math3/linear/RealVector,;com/cloudera/oryx/kmeans/computation
com.cloudera.oryx.kmeans.computation.cluster.KMeansParallelTest.testLloyds;com/cloudera/oryx/kmeans/computation/cluster
com/cloudera/oryx/kmeans/computation/MLAvros$2/map(Lorg/apache/commons/math3/linear/RealVector,)Lcom/cloudera/oryx/kmeans/computation/avro/MLVector,;com/cloudera/oryx/kmeans/computation
/VectorConvert/<clinit>()V;
com/cloudera/oryx/kmeans/computation/VectorConvert/toVector(Lcom/cloudera/oryx/kmeans/computation/avro/MLVector,)Lorg/apache/commons/math3/linear/RealVector,;com/cloudera/oryx/kmeans/computation
com/cloudera/oryx/kmeans/computation/VectorConvert/fromVector(Lorg/apache/commons/math3/linear/RealVector,)Lcom/cloudera/oryx/kmeans/computation/avro/MLVector,;com/cloudera/oryx/kmeans/computation
com/cloudera/oryx/kmeans/computation/cluster/KMeansParallel/lloydsAlgorithm(Lorg/apache/crunch/PCollection,Ljava/util/List,IZ)Ljava/util/List,;com/cloudera/oryx/kmeans/computation/cluster
com/cloudera/oryx/kmeans/computation/cluster/KMeansParallel$LloydsMapFn/<init>(Lcom/cloudera/oryx/kmeans/computation/cluster/KSketchIndex,Z)V;com/cloudera/oryx/kmeans/computation/cluster
com/cloudera/oryx/kmeans/computation/cluster/KMeansParallel$LloydsMapFn/process(Lorg/apache/commons/math3/linear/RealVector,Lorg/apache/crunch/Emitter,)V;com/cloudera/oryx/kmeans/computation/cluster
com/cloudera/oryx/kmeans/computation/cluster/KMeansParallel$LloydsCenters/<init>(Lorg/apache/crunch/PTable,I)V;com/cloudera/oryx/kmeans/computation/cluster
com/cloudera/oryx/kmeans/computation/cluster/KMeansParallel$LloydsCenters/process(Ljava/lang/Iterable,)Ljava/util/List,;com/cloudera/oryx/kmeans/computation/cluster
com/cloudera/oryx/kmeans/computation/cluster/KSketchIndex/<init>(IIIIJ)V;com/cloudera/oryx/kmeans/computation/cluster
com/cloudera/oryx/kmeans/computation/cluster/KSketchIndex/<init>(Ljava/util/List,IIJ)V;com/cloudera/oryx/kmeans/computation/cluster
com/cloudera/oryx/kmeans/computation/cluster/KSketchIndex/size()I;com/cloudera/oryx/kmeans/computation/cluster
com/cloudera/oryx/kmeans/computation/cluster/KSketchIndex/add(Lorg/apache/commons/math3/linear/RealVector,I)V;com/cloudera/oryx/kmeans/computation/cluster
com/cloudera/oryx/kmeans/computation/cluster/KSketchIndex/getDistance(Lorg/apache/commons/math3/linear/RealVector,IZ)Lcom/cloudera/oryx/kmeans/common/Distance,;com/cloudera/oryx/kmeans/computation/cluster
com.cloudera.oryx.kmeans.computation.normalize.SummaryTest.testZScores;com/cloudera/oryx/kmeans/computation/normalize
com/cloudera/oryx/kmeans/computation/normalize/StandardizeFn/<init>(Lcom/cloudera/oryx/computation/common/summary/Summary,Lcom/cloudera/oryx/kmeans/computation/normalize/Transform,)V;com/cloudera/oryx/kmeans/computation/normalize
com/cloudera/oryx/kmeans/computation/normalize/Transform$2/apply(DLcom/cloudera/oryx/computation/common/summary/SummaryStats,)D;com/cloudera/oryx/kmeans/computation/normalize
com/cloudera/oryx/rdf/common/information/Information/entropy([I)D;com/cloudera/oryx/rdf/common/information
com.cloudera.oryx.rdf.common.information.InformationTest.testTwoEqualClassInformation;com/cloudera/oryx/rdf/common/information
com/cloudera/oryx/rdf/common/rule/CategoricalPrediction/<init>([F)V;com/cloudera/oryx/rdf/common/rule
com.cloudera.oryx.rdf.common.rule.CategoricalPredictionTest.testConstructFromProbability;com/cloudera/oryx/rdf/common/rule
com/cloudera/oryx/rdf/common/rule/CategoricalPrediction/getCategoryCounts()[I;com/cloudera/oryx/rdf/common/rule
com/cloudera/oryx/rdf/common/rule/CategoricalPrediction/getCategoryProbabilities()[F;com/cloudera/oryx/rdf/common/rule
com/cloudera/oryx/rdf/common/rule/CategoricalPrediction/getMostProbableCategoryID()I;com/cloudera/oryx/rdf/common/rule
com/cloudera/oryx/rdf/common/rule/CategoricalPrediction/getFeatureType()Lcom/cloudera/oryx/rdf/common/example/FeatureType,;com/cloudera/oryx/rdf/common/rule
com/cloudera/oryx/rdf/common/rule/Prediction/<init>(I)V;com/cloudera/oryx/rdf/common/rule
com/cloudera/oryx/rdf/common/example/CategoricalFeature/<init>(I)V;com/cloudera/oryx/rdf/common/example
com.cloudera.oryx.rdf.common.example.CategoricalFeatureTest.testFeature;com/cloudera/oryx/rdf/common/example
com/cloudera/oryx/rdf/common/example/CategoricalFeature/forValue(I)Lcom/cloudera/oryx/rdf/common/example/CategoricalFeature,;com/cloudera/oryx/rdf/common/example
com/cloudera/oryx/rdf/common/example/CategoricalFeature/getValueID()I;com/cloudera/oryx/rdf/common/example
com/cloudera/oryx/rdf/common/example/CategoricalFeature/getFeatureType()Lcom/cloudera/oryx/rdf/common/example/FeatureType,;com/cloudera/oryx/rdf/common/example
com/cloudera/oryx/rdf/common/example/CategoricalFeature/equals(Ljava/lang/Object,)Z;com/cloudera/oryx/rdf/common/example
com/cloudera/oryx/rdf/common/eval/WeightedPrediction/voteOnFeature(Ljava/util/List,[D)Lcom/cloudera/oryx/rdf/common/rule/Prediction,;com/cloudera/oryx/rdf/common/eval
com.cloudera.oryx.rdf.common.eval.WeightedPredictionTest.testNumericVoteWeighted;com/cloudera/oryx/rdf/common/eval
com/cloudera/oryx/rdf/common/eval/WeightedPrediction/voteOnNumericFeature(Ljava/util/List,[D)Lcom/cloudera/oryx/rdf/common/rule/Prediction,;com/cloudera/oryx/rdf/common/eval
com/cloudera/oryx/rdf/common/rule/NumericPrediction/<init>(FI)V;com/cloudera/oryx/rdf/common/rule
com/cloudera/oryx/rdf/common/rule/NumericPrediction/getPrediction()F;com/cloudera/oryx/rdf/common/rule
com/cloudera/oryx/rdf/common/rule/NumericPrediction/getFeatureType()Lcom/cloudera/oryx/rdf/common/example/FeatureType,;com/cloudera/oryx/rdf/common/rule
com.cloudera.oryx.rdf.common.information.NumericInformationTest.testInformationCategoricalFeature;com/cloudera/oryx/rdf/common/information
com/cloudera/oryx/rdf/common/example/CategoricalFeature/hashCode()I;com/cloudera/oryx/rdf/common/example
com/cloudera/oryx/rdf/common/example/Example/<init>(Lcom/cloudera/oryx/rdf/common/example/Feature,[Lcom/cloudera/oryx/rdf/common/example/Feature,)V;com/cloudera/oryx/rdf/common/example
com/cloudera/oryx/rdf/common/example/Example/getFeature(I)Lcom/cloudera/oryx/rdf/common/example/Feature,;com/cloudera/oryx/rdf/common/example
com/cloudera/oryx/rdf/common/example/Example/getTarget()Lcom/cloudera/oryx/rdf/common/example/Feature,;com/cloudera/oryx/rdf/common/example
com/cloudera/oryx/rdf/common/example/ExampleSet/<init>(Ljava/util/List,[Lcom/cloudera/oryx/rdf/common/example/FeatureType,Lcom/cloudera/oryx/rdf/common/example/FeatureType,)V;com/cloudera/oryx/rdf/common/example
com/cloudera/oryx/rdf/common/example/ExampleSet/getExamples()Ljava/util/List,;com/cloudera/oryx/rdf/common/example
com/cloudera/oryx/rdf/common/example/ExampleSet/getFeatureType(I)Lcom/cloudera/oryx/rdf/common/example/FeatureType,;com/cloudera/oryx/rdf/common/example
com/cloudera/oryx/rdf/common/example/ExampleSet/getCategoryCount(I)I;com/cloudera/oryx/rdf/common/example
com/cloudera/oryx/rdf/common/example/ExampleSet/getTargetType()Lcom/cloudera/oryx/rdf/common/example/FeatureType,;com/cloudera/oryx/rdf/common/example
com/cloudera/oryx/rdf/common/example/ExampleSet/iterator()Ljava/util/Iterator,;com/cloudera/oryx/rdf/common/example
com/cloudera/oryx/rdf/common/example/NumericFeature/<init>(F)V;com/cloudera/oryx/rdf/common/example
com/cloudera/oryx/rdf/common/example/NumericFeature/forValue(F)Lcom/cloudera/oryx/rdf/common/example/NumericFeature,;com/cloudera/oryx/rdf/common/example
com/cloudera/oryx/rdf/common/example/NumericFeature/getValue()F;com/cloudera/oryx/rdf/common/example
com/cloudera/oryx/rdf/common/example/NumericFeature/hashCode()I;com/cloudera/oryx/rdf/common/example
com/cloudera/oryx/rdf/common/information/NumericalInformation/bestGain(Ljava/lang/Iterable,Lcom/cloudera/oryx/rdf/common/example/ExampleSet,)Lorg/apache/commons/math3/util/Pair,;com/cloudera/oryx/rdf/common/information
com/cloudera/oryx/rdf/common/rule/CategoricalDecision/<init>(IILjava/util/List,III)V;com/cloudera/oryx/rdf/common/rule
com/cloudera/oryx/rdf/common/rule/CategoricalDecision/getCategoryIDs()Lcom/cloudera/oryx/common/collection/BitSet,;com/cloudera/oryx/rdf/common/rule
com/cloudera/oryx/rdf/common/rule/CategoricalDecision/isPositive(Lcom/cloudera/oryx/rdf/common/example/Example,)Z;com/cloudera/oryx/rdf/common/rule
com/cloudera/oryx/rdf/common/rule/CategoricalDecision/categoricalDecisionsFromExamples(ILcom/cloudera/oryx/rdf/common/example/ExampleSet,I)Ljava/util/List,;com/cloudera/oryx/rdf/common/rule
com/cloudera/oryx/rdf/common/rule/CategoricalDecision/categoricalDecisionsForNumericTarget(ILcom/cloudera/oryx/rdf/common/example/ExampleSet,I)Ljava/util/List,;com/cloudera/oryx/rdf/common/rule
com/cloudera/oryx/rdf/common/rule/CategoricalDecision/sortAndGetDecisionsOverSubset(IILjava/util/List,II)Ljava/util/List,;com/cloudera/oryx/rdf/common/rule
com/cloudera/oryx/rdf/common/rule/CategoricalDecision$PairComparator/compare(Lorg/apache/commons/math3/util/Pair,Lorg/apache/commons/math3/util/Pair,)I;com/cloudera/oryx/rdf/common/rule
com/cloudera/oryx/rdf/common/rule/Decision/<init>(I)V;com/cloudera/oryx/rdf/common/rule
com/cloudera/oryx/rdf/common/rule/Decision/getFeatureNumber()I;com/cloudera/oryx/rdf/common/rule
com/cloudera/oryx/rdf/common/rule/Decision/decisionsFromExamples(Lcom/cloudera/oryx/rdf/common/example/ExampleSet,II)Ljava/util/List,;com/cloudera/oryx/rdf/common/rule
com.cloudera.oryx.rdf.common.information.CategoricalInformationTest.testInformationNumericFeature;com/cloudera/oryx/rdf/common/information
com/cloudera/oryx/rdf/common/example/ExampleSet/getTargetCategoryCount()I;com/cloudera/oryx/rdf/common/example
com/cloudera/oryx/rdf/common/information/CategoricalInformation/bestGain(Ljava/lang/Iterable,Lcom/cloudera/oryx/rdf/common/example/ExampleSet,)Lorg/apache/commons/math3/util/Pair,;com/cloudera/oryx/rdf/common/information
com/cloudera/oryx/rdf/common/rule/NumericDecision/<init>(IFF)V;com/cloudera/oryx/rdf/common/rule
com/cloudera/oryx/rdf/common/rule/NumericDecision/getThreshold()F;com/cloudera/oryx/rdf/common/rule
com/cloudera/oryx/rdf/common/rule/NumericDecision/isPositive(Lcom/cloudera/oryx/rdf/common/example/Example,)Z;com/cloudera/oryx/rdf/common/rule
com/cloudera/oryx/rdf/common/rule/NumericDecision/numericDecisionsFromExamples(ILjava/lang/Iterable,I)Ljava/util/List,;com/cloudera/oryx/rdf/common/rule
com.cloudera.oryx.rdf.common.rule.NumericDecisionTest.testDecisionBasics;com/cloudera/oryx/rdf/common/rule
com/cloudera/oryx/rdf/common/rule/NumericDecision/<init>(IFZ)V;com/cloudera/oryx/rdf/common/rule
com/cloudera/oryx/rdf/common/rule/NumericDecision/getDefaultDecision()Z;com/cloudera/oryx/rdf/common/rule
com/cloudera/oryx/rdf/common/rule/NumericDecision/getType()Lcom/cloudera/oryx/rdf/common/example/FeatureType,;com/cloudera/oryx/rdf/common/rule
com.cloudera.oryx.rdf.common.rule.NumericDecisionTest.testDecision;com/cloudera/oryx/rdf/common/rule
com.cloudera.oryx.rdf.common.information.InformationTest.testEmptyInformation;com/cloudera/oryx/rdf/common/information
com.cloudera.oryx.rdf.common.rule.CategoricalPredictionTest.testUpdate;com/cloudera/oryx/rdf/common/rule
com/cloudera/oryx/rdf/common/rule/CategoricalPrediction/<init>([I)V;com/cloudera/oryx/rdf/common/rule
com/cloudera/oryx/rdf/common/rule/CategoricalPrediction/sum([I)I;com/cloudera/oryx/rdf/common/rule
com/cloudera/oryx/rdf/common/rule/CategoricalPrediction/recompute()V;com/cloudera/oryx/rdf/common/rule
com/cloudera/oryx/rdf/common/rule/CategoricalPrediction/update(Lcom/cloudera/oryx/rdf/common/example/Example,)V;com/cloudera/oryx/rdf/common/rule
com/cloudera/oryx/rdf/common/rule/Prediction/getCount()I;com/cloudera/oryx/rdf/common/rule
com/cloudera/oryx/rdf/common/rule/Prediction/setCount(I)V;com/cloudera/oryx/rdf/common/rule
com.cloudera.oryx.rdf.common.information.InformationTest.testTwoUnequalClassInformation;com/cloudera/oryx/rdf/common/information
com/cloudera/oryx/rdf/common/rule/CategoricalDecision/<init>(ILcom/cloudera/oryx/common/collection/BitSet,Z)V;com/cloudera/oryx/rdf/common/rule
com.cloudera.oryx.rdf.common.rule.CategoricalDecisionTest.testDecisionBasics;com/cloudera/oryx/rdf/common/rule
com/cloudera/oryx/rdf/common/rule/CategoricalDecision/getDefaultDecision()Z;com/cloudera/oryx/rdf/common/rule
com/cloudera/oryx/rdf/common/rule/CategoricalDecision/getType()Lcom/cloudera/oryx/rdf/common/example/FeatureType,;com/cloudera/oryx/rdf/common/rule
com.cloudera.oryx.rdf.common.information.InformationTest.testEmptyClassInformation;com/cloudera/oryx/rdf/common/information
com.cloudera.oryx.rdf.common.information.NumericInformationTest.testInformationNumericFeature;com/cloudera/oryx/rdf/common/information
com.cloudera.oryx.rdf.common.eval.WeightedPredictionTest.testNumericVote;com/cloudera/oryx/rdf/common/eval
com.cloudera.oryx.rdf.common.rule.NumericPredictionTest.testUpdate;com/cloudera/oryx/rdf/common/rule
com/cloudera/oryx/rdf/common/rule/NumericPrediction/update(Lcom/cloudera/oryx/rdf/common/example/Example,)V;com/cloudera/oryx/rdf/common/rule
com.cloudera.oryx.rdf.common.rule.CategoricalDecisionTest.testDecision;com/cloudera/oryx/rdf/common/rule
com.cloudera.oryx.rdf.common.eval.WeightedPredictionTest.testCategoricalVoteWeighted;com/cloudera/oryx/rdf/common/eval
com/cloudera/oryx/rdf/common/eval/WeightedPrediction/voteOnCategoricalFeature(Ljava/util/List,[D)Lcom/cloudera/oryx/rdf/common/rule/Prediction,;com/cloudera/oryx/rdf/common/eval
com.cloudera.oryx.rdf.common.information.CategoricalInformationTest.testInformationCategoricalFeature;com/cloudera/oryx/rdf/common/information
com/cloudera/oryx/rdf/common/rule/CategoricalDecision/categoricalDecisionsForCategoricalTarget(ILcom/cloudera/oryx/rdf/common/example/ExampleSet,I)Ljava/util/List,;com/cloudera/oryx/rdf/common/rule
com/cloudera/oryx/rdf/common/rule/CategoricalDecision/categoricalDecisionsForBinaryTarget(ILcom/cloudera/oryx/rdf/common/example/ExampleSet,I)Ljava/util/List,;com/cloudera/oryx/rdf/common/rule
com/cloudera/oryx/rdf/common/rule/CategoricalDecision/findMaxCategory([I)I;com/cloudera/oryx/rdf/common/rule
com.cloudera.oryx.rdf.common.rule.NumericPredictionTest.testConstruct;com/cloudera/oryx/rdf/common/rule
com.cloudera.oryx.rdf.common.information.CategoricalInformationTest.testInformationCategoricalFeatureVsBinary;com/cloudera/oryx/rdf/common/information
com.cloudera.oryx.rdf.common.example.NumericFeatureTest.testFeature;com/cloudera/oryx/rdf/common/example
com/cloudera/oryx/rdf/common/example/NumericFeature/getFeatureType()Lcom/cloudera/oryx/rdf/common/example/FeatureType,;com/cloudera/oryx/rdf/common/example
com/cloudera/oryx/rdf/common/example/NumericFeature/equals(Ljava/lang/Object,)Z;com/cloudera/oryx/rdf/common/example
com.cloudera.oryx.rdf.common.rule.CategoricalPredictionTest.testConstruct;com/cloudera/oryx/rdf/common/rule
com.cloudera.oryx.rdf.common.eval.WeightedPredictionTest.testCategoricalVote;com/cloudera/oryx/rdf/common/eval
com.cloudera.oryx.rdf.common.information.InformationTest.testOneClassInformation;com/cloudera/oryx/rdf/common/information
